GENOTYPE,PLOT,Index
CT27016-62-R-R-R-MPL,1,7
CT27038-54-R-R-R-MPL,2,6
CT27009-50-R-R-R-MPL,3,4
CT27048-72-R-R-R-MPL,4,7
CT27016-70-R-R-R-MPL,5,8
CT27047-109-R-R-R-MPL,6,7
CT26997-84-R-R-R-MPL,7,3
CT26998-97-R-R-R-MPL,8,6
CT27009-33-R-R-R-MPL,9,7
CT27047-107-R-R-R-MPL,10,7
ORYZICA 1,11,6
CT26998-120-R-R-R-MPL,12,7
CT27047-118-R-R-R-MPL,13,7
CT26997-138-R-R-R-MPL,14,3
CT26995-54-R-R-R-MPL,15,7
CT27050-124-R-R-R-MPL,16,5
CT26987-169-R-R-R-MPL,17,7
CT26995-87-R-R-R-MPL,18,7
CT27017-39-R-R-R-MPL,19,6
CT26997-91-R-R-R-MPL,20,2
CT27047-61-R-R-R-MPL,21,7
CT27038-151-R-R-R-MPL,22,4
CT27035-65-R-R-R-MPL,23,5
CT27057-32-R-R-R-MPL,24,6
CT26989-101-R-R-R-MPL,25,6
CT26987-154-R-R-R-MPL,26,6
CT27017-46-R-R-R-MPL,27,3
CT27020-70-R-R-R-MPL,28,6
CT27015-105-R-R-R-MPL,29,6
CT26987-191-R-R-R-MPL,30,7
CT27047-67-R-R-R-MPL,31,6
CT27015-120-R-R-R-MPL,32,6
CT27035-75-R-R-R-MPL,33,6
CT27015-109-R-R-R-MPL,34,6
CT27047-145-R-R-R-MPL,35,6
FEDEARROZ 2000,36,4
CT27057-51-R-R-R-MPL,37,6
CT27020-100-R-R-R-MPL,38,6
CT27057-48-R-R-R-MPL,39,7
CT26989-104-R-R-R-MPL,40,4
CT26991-57-R-R-R-MPL,41,5
CT27047-73-R-R-R-MPL,42,6
CT26989-44-R-R-R-MPL,43,6
CT27057-60-R-R-R-MPL,44,4
CT27017-42-R-R-R-MPL,45,6
CT26987-48-R-R-R-MPL,46,6
CT26995-69-R-R-R-MPL,47,7
CT27048-63-R-R-R-MPL,48,3
CT27009-72-R-R-R-MPL,49,4
CT27050-61-R-R-R-MPL,50,5
CT27031-33-R-R-R-MPL,51,6
CT27009-57-R-R-R-MPL,52,6
Olimar,53,6
CT27020-42-R-R-R-MPL,54,4
CT26998-84-R-R-R-MPL,55,6
CT26995-122-R-R-R-MPL,56,7
CT26989-31-R-R-R-MPL,57,4
CT27047-57-R-R-R-MPL,58,6
CT26989-98-R-R-R-MPL,59,5
CT27038-36-R-R-R-MPL,60,7
CT27035-121-R-R-R-MPL,61,6
CT27048-31-R-R-R-MPL,62,6
CT27054-59-R-R-R-MPL,63,3
CT27038-131-R-R-R-MPL,64,5
CT26997-144-R-R-R-MPL,65,6
CT27017-40-R-R-R-MPL,66,6
CT27035-143-R-R-R-MPL,67,6
CT26998-52-R-R-R-MPL,68,2
CT27016-61-R-R-R-MPL,69,7
ORYZICA 1,70,5
CT27047-34-R-R-R-MPL,71,6
CT27050-108-R-R-R-MPL,72,5
CT27057-50-R-R-R-MPL,73,6
CT26997-59-R-R-R-MPL,74,6
CT27050-31-R-R-R-MPL,75,6
CT26991-75-R-R-R-MPL,76,6
SLF-10-203,77,2
CT27009-52-R-R-R-MPL,78,6
CT26995-99-R-R-R-MPL,79,6
CT26987-106-R-R-R-MPL,80,7
CT27015-52-R-R-R-MPL,81,6
CT27016-66-R-R-R-MPL,82,7
CT27050-92-R-R-R-MPL,83,4
CT26987-68-R-R-R-MPL,84,6
CT27050-37-R-R-R-MPL,85,5
SLF-10-243,86,5
CT26998-77-R-R-R-MPL,87,5
CT27009-62-R-R-R-MPL,88,7
CT26989-84-R-R-R-MPL,89,6
CT27020-33-R-R-R-MPL,90,6
CT26987-182-R-R-R-MPL,91,7
CT27048-74-R-R-R-MPL,92,7
CT27047-134-R-R-R-MPL,93,7
CT27020-72-R-R-R-MPL,94,6
CT26998-47-R-R-R-MPL,95,6
FEDEARROZ 2000,96,6
CT26997-94-R-R-R-MPL,97,6
CT26987-47-R-R-R-MPL,98,6
CT27016-63-R-R-R-MPL,99,6
CT27038-133-R-R-R-MPL,100,6
CT27048-68-R-R-R-MPL,101,6
CT27035-62-R-R-R-MPL,102,7
CT26987-164-R-R-R-MPL,103,6
CT27047-147-R-R-R-MPL,104,6
CT26997-116-R-R-R-MPL,105,4
CT27016-31-R-R-R-MPL,106,7
CT27054-39-R-R-R-MPL,107,6
CT26987-99-R-R-R-MPL,108,6
CT27038-47-R-R-R-MPL,109,6
CT27047-131-R-R-R-MPL,110,7
CT26987-37-R-R-R-MPL,111,7
CT27047-117-R-R-R-MPL,112,7
CT27031-116-R-R-R-MPL,113,7
CT27017-43-R-R-R-MPL,114,7
CT27015-119-R-R-R-MPL,115,7
CT27009-55-R-R-R-MPL,116,7
Olimar,117,6
Olimar,118,6
CT26987-138-R-R-R-MPL,119,7
CT26997-157-R-R-R-MPL,120,5
CT27038-52-R-R-R-MPL,121,7
CT26998-58-R-R-R-MPL,122,2
CT26991-73-R-R-R-MPL,123,6
CT27020-39-R-R-R-MPL,124,6
CT26989-38-R-R-R-MPL,125,5
CT27047-102-R-R-R-MPL,126,6
CT26997-156-R-R-R-MPL,127,6
CT27009-51-R-R-R-MPL,128,7
CT27038-81-R-R-R-MPL,129,6
CT26997-110-R-R-R-MPL,130,6
CT26987-31-R-R-R-MPL,131,6
CT26998-90-R-R-R-MPL,132,6
CT26987-163-R-R-R-MPL,133,6
CT26995-118-R-R-R-MPL,134,6
FEDEARROZ 2000,135,6
CT27035-32-R-R-R-MPL,136,6
CT26997-141-R-R-R-MPL,137,2
H 57 (IRGA R15-11-1-2),138,5
CT27047-155-R-R-R-MPL,139,6
CT27035-141-R-R-R-MPL,140,6
CT26995-79-R-R-R-MPL,141,7
CT27031-59-R-R-R-MPL,142,6
CT27015-70-R-R-R-MPL,143,7
CT27038-135-R-R-R-MPL,144,5
CT27009-97-R-R-R-MPL,145,6
CT26987-86-R-R-R-MPL,146,7
CT27015-115-R-R-R-MPL,147,7
CT27050-86-R-R-R-MPL,148,6
CT27031-83-R-R-R-MPL,149,6
CT26997-89-R-R-R-MPL,150,4
CT27031-100-R-R-R-MPL,151,6
CT26997-149-R-R-R-MPL,152,5
CT26991-43-R-R-R-MPL,153,5
CT27017-61-R-R-R-MPL,154,7
CT26991-35-R-R-R-MPL,155,4
CT27020-92-R-R-R-MPL,156,6
CT27031-87-R-R-R-MPL,157,6
CT27015-55-R-R-R-MPL,158,7
CT27050-114-R-R-R-MPL,159,5
CT27020-40-R-R-R-MPL,160,7
CT27016-82-R-R-R-MPL,161,7
CT27020-86-R-R-R-MPL,162,7
CT27016-101-R-R-R-MPL,163,7
CT27009-61-R-R-R-MPL,164,6
CT26987-94-R-R-R-MPL,165,7
CT27009-95-R-R-R-MPL,166,7
CT27031-78-R-R-R-MPL,167,6
CT27038-165-R-R-R-MPL,168,2
CT26997-36-R-R-R-MPL,169,6
CT27015-34-R-R-R-MPL,170,5
CT26991-63-R-R-R-MPL,171,6
CT27017-95-R-R-R-MPL,172,6
CT27020-58-R-R-R-MPL,173,6
CT27048-32-R-R-R-MPL,174,7
CT26997-122-R-R-R-MPL,175,6
CT27047-148-R-R-R-MPL,176,7
CT27035-152-R-R-R-MPL,177,7
CT27015-113-R-R-R-MPL,178,7
ORYZICA 1,179,6
CT26987-156-R-R-R-MPL,180,7
CT26998-92-R-R-R-MPL,181,7
CT27048-57-R-R-R-MPL,182,7
CT26987-39-R-R-R-MPL,183,7
CT26989-59-R-R-R-MPL,184,6
CT27038-130-R-R-R-MPL,185,5
CT27050-78-R-R-R-MPL,186,3
CT27017-85-R-R-R-MPL,187,7
CT27020-45-R-R-R-MPL,188,5
CT27016-77-R-R-R-MPL,189,7
CT26987-186-R-R-R-MPL,190,7
CT26989-61-R-R-R-MPL,191,6
ORYZICA 1,192,6
CT26997-123-R-R-R-MPL,193,4
CT27016-72-R-R-R-MPL,194,7
CT26997-152-R-R-R-MPL,195,7
CT27035-44-R-R-R-MPL,196,6
CT27047-125-R-R-R-MPL,197,7
CT27020-31-R-R-R-MPL,198,6
CT26997-41-R-R-R-MPL,199,7
CT26998-34-R-R-R-MPL,200,4
CT27054-60-R-R-R-MPL,201,6
CT27038-60-R-R-R-MPL,202,7
CT27035-155-R-R-R-MPL,203,7
CT27009-74-R-R-R-MPL,204,6
CT27031-48-R-R-R-MPL,205,6
CT26998-93-R-R-R-MPL,206,2
FEDEARROZ 2000,207,6
CT26987-139-R-R-R-MPL,208,7
CT27009-73-R-R-R-MPL,209,7
CT27048-44-R-R-R-MPL,210,7
CT26989-110-R-R-R-MPL,211,6
CT26997-66-R-R-R-MPL,212,6
CT26987-96-R-R-R-MPL,213,7
CT27015-49-R-R-R-MPL,214,7
CT26987-66-R-R-R-MPL,215,7
CT26997-134-R-R-R-MPL,216,6
CT27050-112-R-R-R-MPL,217,7
CT27035-92-R-R-R-MPL,218,7
CT26987-136-R-R-R-MPL,219,7
CT27020-84-R-R-R-MPL,220,7
CT27035-128-R-R-R-MPL,221,7
CT27015-103-R-R-R-MPL,222,7
CT27020-75-R-R-R-MPL,223,7
IRGA 5842-1-3-1-1-PL-4,224,5
CT26987-142-R-R-R-MPL,225,7
CT27050-126-R-R-R-MPL,226,7
CT26995-102-R-R-R-MPL,227,6
CT27035-51-R-R-R-MPL,228,7
CT27015-43-R-R-R-MPL,229,7
CT27017-49-R-R-R-MPL,230,5
CT26998-74-R-R-R-MPL,231,6
CT27047-45-R-R-R-MPL,232,7
CT27016-91-R-R-R-MPL,233,6
CT26987-89-R-R-R-MPL,234,6
CT26997-70-R-R-R-MPL,235,7
CT26989-117-R-R-R-MPL,236,6
Olimar,237,6
CT26987-162-R-R-R-MPL,238,7
CT27048-40-R-R-R-MPL,239,7
CT27038-75-R-R-R-MPL,240,6
CT27048-55-R-R-R-MPL,241,6
CT27038-56-R-R-R-MPL,242,6
CT26995-96-R-R-R-MPL,243,7
CT27009-90-R-R-R-MPL,244,7
FEDEARROZ 2000,245,6
CT26991-31-R-R-R-MPL,246,6
CT26989-106-R-R-R-MPL,247,5
CT26987-135-R-R-R-MPL,248,6
CT27015-90-R-R-R-MPL,249,7
CT27009-37-R-R-R-MPL,250,7
CT27047-64-R-R-R-MPL,251,6
CT27050-118-R-R-R-MPL,252,6
CT27017-103-R-R-R-MPL,253,7
CT27031-65-R-R-R-MPL,254,6
FL07570-4PT-1P-1P-MP,255,1
CT27050-102-R-R-R-MPL,256,5
CT27016-59-R-R-R-MPL,257,6
CT26995-128-R-R-R-MPL,258,6
CT27047-37-R-R-R-MPL,259,6
CT26997-67-R-R-R-MPL,260,7
CT27020-78-R-R-R-MPL,261,7
SLF-10-396,262,7
CT26997-32-R-R-R-MPL,263,7
CT27050-83-R-R-R-MPL,264,6
ORYZICA 1,265,6
CT27050-77-R-R-R-MPL,266,6
CT26995-133-R-R-R-MPL,267,6
CT26998-64-R-R-R-MPL,268,2
CT27050-120-R-R-R-MPL,269,4
CT27038-101-R-R-R-MPL,270,6
CT27047-165-R-R-R-MPL,271,6
CT26987-78-R-R-R-MPL,272,6
CT27038-92-R-R-R-MPL,273,6
CT27016-89-R-R-R-MPL,274,7
CT27009-59-R-R-R-MPL,275,7
CT27017-84-R-R-R-MPL,276,7
CT27038-148-R-R-R-MPL,277,7
CT27015-121-R-R-R-MPL,278,7
CT27038-112-R-R-R-MPL,279,4
CT26995-126-R-R-R-MPL,280,6
CT26987-67-R-R-R-MPL,281,7
CT27048-58-R-R-R-MPL,282,6
CT26997-72-R-R-R-MPL,283,7
Olimar,284,6
CT27047-111-R-R-R-MPL,285,6
CT27031-105-R-R-R-MPL,286,6
CT27017-97-R-R-R-MPL,287,6
CT27015-114-R-R-R-MPL,288,6
CT27038-153-R-R-R-MPL,289,6
CT26987-167-R-R-R-MPL,290,6
CT26998-31-R-R-R-MPL,291,7
CT27015-124-R-R-R-MPL,292,7
CT26995-109-R-R-R-MPL,293,6
CT27047-54-R-R-R-MPL,294,7
CT27038-91-R-R-R-MPL,295,2
CT26997-77-R-R-R-MPL,296,3
CT27035-122-R-R-R-MPL,297,6
CT27047-101-R-R-R-MPL,298,7
CT27038-104-R-R-R-MPL,299,3
CT27050-59-R-R-R-MPL,300,7
CT26987-59-R-R-R-MPL,301,7
CT27016-60-R-R-R-MPL,302,7
CT26997-73-R-R-R-MPL,303,8
CT26998-70-R-R-R-MPL,304,6
CT27009-40-R-R-R-MPL,305,6
CT27020-64-R-R-R-MPL,306,6
CT27016-53-R-R-R-MPL,307,7
CT26987-166-R-R-R-MPL,308,7
CT26998-62-R-R-R-MPL,309,2
CT27020-107-R-R-R-MPL,310,7
CT27057-64-R-R-R-MPL,311,6
CT27050-43-R-R-R-MPL,312,7
Olimar,313,6
CT27017-45-R-R-R-MPL,314,8
CT27038-48-R-R-R-MPL,315,1
CT26997-106-R-R-R-MPL,316,7
CT26987-193-R-R-R-MPL,317,7
CT26998-78-R-R-R-MPL,318,3
CT27035-52-R-R-R-MPL,319,7
CT27047-48-R-R-R-MPL,320,7
CT27048-60-R-R-R-MPL,321,7
CT27038-139-R-R-R-MPL,322,3
CT26997-96-R-R-R-MPL,323,2
CT26991-36-R-R-R-MPL,324,6
CT27031-94-R-R-R-MPL,325,7
CT26989-73-R-R-R-MPL,326,3
CT27035-125-R-R-R-MPL,327,7
CT26995-60-R-R-R-MPL,328,6
CT27050-69-R-R-R-MPL,329,6
CT27048-49-R-R-R-MPL,330,7
CT27017-44-R-R-R-MPL,331,4
CT27038-143-R-R-R-MPL,332,3
ORYZICA 1,333,6
CT27016-38-R-R-R-MPL,334,7
CT27020-61-R-R-R-MPL,335,7
CT26989-78-R-R-R-MPL,336,6
CT26995-129-R-R-R-MPL,337,7
CT27038-95-R-R-R-MPL,338,7
CT26998-57-R-R-R-MPL,339,7
CT27050-127-R-R-R-MPL,340,3
CT27038-156-R-R-R-MPL,341,7
CT26998-59-R-R-R-MPL,342,7
CT26989-103-R-R-R-MPL,343,6
CT27048-38-R-R-R-MPL,344,7
CT27031-92-R-R-R-MPL,345,6
CT27015-64-R-R-R-MPL,346,7
CT26998-40-R-R-R-MPL,347,6
FEDEARROZ 2000,348,6
CT26995-116-R-R-R-MPL,349,7
CT27038-73-R-R-R-MPL,350,7
CT27035-138-R-R-R-MPL,351,6
CT26997-56-R-R-R-MPL,352,7
CT27031-102-R-R-R-MPL,353,7
CT27015-89-R-R-R-MPL,354,7
CT26998-33-R-R-R-MPL,355,3
CT27031-88-R-R-R-MPL,356,6
CT26997-62-R-R-R-MPL,357,7
CT26995-70-R-R-R-MPL,358,7
CT27047-157-R-R-R-MPL,359,7
CT27050-88-R-R-R-MPL,360,6
CT26991-39-R-R-R-MPL,361,5
CT27038-40-R-R-R-MPL,362,7
CT27050-123-R-R-R-MPL,363,4
CT26987-83-R-R-R-MPL,364,7
CT26997-151-R-R-R-MPL,365,6
Olimar,366,6
CT27017-72-R-R-R-MPL,367,3
CT27054-47-R-R-R-MPL,368,6
CT27031-66-R-R-R-MPL,369,7
CT26987-174-R-R-R-MPL,370,7
CT27047-59-R-R-R-MPL,371,7
CT26995-46-R-R-R-MPL,372,7
CT26987-181-R-R-R-MPL,373,7
CT27016-64-R-R-R-MPL,374,7
CT27038-76-R-R-R-MPL,375,6
CT27054-54-R-R-R-MPL,376,6
CT27050-110-R-R-R-MPL,377,6
CT27038-62-R-R-R-MPL,378,1
CT27035-39-R-R-R-MPL,379,7
CT26998-106-R-R-R-MPL,380,1
CT27015-128-R-R-R-MPL,381,6
CT26987-145-R-R-R-MPL,382,7
ORYZICA 1,383,6
CT26997-60-R-R-R-MPL,384,5
CT27015-61-R-R-R-MPL,385,7
CT27047-32-R-R-R-MPL,386,7
CT26998-83-R-R-R-MPL,387,1
CT27035-115-R-R-R-MPL,388,7
CT27020-91-R-R-R-MPL,389,7
CT27035-63-R-R-R-MPL,390,7
CT27048-36-R-R-R-MPL,391,7
CT27047-110-R-R-R-MPL,392,7
CT27015-36-R-R-R-MPL,393,6
CT26997-35-R-R-R-MPL,394,3
CT27031-32-R-R-R-MPL,395,7
CT27017-54-R-R-R-MPL,396,3
CT27009-35-R-R-R-MPL,397,7
CT27047-47-R-R-R-MPL,398,7
CT27009-69-R-R-R-MPL,399,5
CT27015-88-R-R-R-MPL,400,7
CT27047-161-R-R-R-MPL,401,7
CT27057-49-R-R-R-MPL,402,7
CT26997-155-R-R-R-MPL,403,7
CT27035-86-R-R-R-MPL,404,6
CT27015-116-R-R-R-MPL,405,6
CT27038-87-R-R-R-MPL,406,6
FEDEARROZ 2000,407,6
CT27050-33-R-R-R-MPL,408,3
CT26995-72-R-R-R-MPL,409,7
CT27017-58-R-R-R-MPL,410,6
CT27020-105-R-R-R-MPL,411,7
CT27017-100-R-R-R-MPL,412,7
CT26997-88-R-R-R-MPL,413,6
CT26991-33-R-R-R-MPL,414,2
CT27048-62-R-R-R-MPL,415,2
CT27009-34-R-R-R-MPL,416,6
CT27035-139-R-R-R-MPL,417,6
CT27047-164-R-R-R-MPL,418,6
CT26989-120-R-R-R-MPL,419,2
CT26995-53-R-R-R-MPL,420,6
CT27047-105-R-R-R-MPL,421,6
CT27020-52-R-R-R-MPL,422,1
CT27031-62-R-R-R-MPL,423,6
ORYZICA 1,424,5
CT26989-122-R-R-R-MPL,425,7
CT27020-85-R-R-R-MPL,426,6
CT27057-46-R-R-R-MPL,427,7
CT27035-77-R-R-R-MPL,428,7
CT27017-33-R-R-R-MPL,429,7
CT26987-41-R-R-R-MPL,430,6
CT27047-72-R-R-R-MPL,431,7
CT27020-109-R-R-R-MPL,432,7
CT27015-118-R-R-R-MPL,433,6
CT27038-83-R-R-R-MPL,434,6
CT27054-34-R-R-R-MPL,435,7
CT26991-37-R-R-R-MPL,436,3
CT27038-142-R-R-R-MPL,437,6
CT27020-63-R-R-R-MPL,438,6
CT27050-76-R-R-R-MPL,439,6
CT27047-79-R-R-R-MPL,440,7
CT26998-71-R-R-R-MPL,441,3
CT27038-118-R-R-R-MPL,442,7
CT26998-108-R-R-R-MPL,443,7
CT27017-88-R-R-R-MPL,444,3
CT27016-36-R-R-R-MPL,445,7
CT27020-53-R-R-R-MPL,446,6
CT26998-98-R-R-R-MPL,447,6
CT27020-83-R-R-R-MPL,448,6
CT27009-48-R-R-R-MPL,449,6
Olimar,450,7
CT27048-66-R-R-R-MPL,451,6
CT26987-52-R-R-R-MPL,452,7
CT26997-52-R-R-R-MPL,453,6
CT26995-82-R-R-R-MPL,454,6
CT27031-79-R-R-R-MPL,455,6
CT27009-82-R-R-R-MPL,456,6
CT27057-53-R-R-R-MPL,457,7
CT27031-36-R-R-R-MPL,458,7
CT26998-43-R-R-R-MPL,459,7
CT27017-94-R-R-R-MPL,460,3
CT27054-35-R-R-R-MPL,461,7
CT27035-145-R-R-R-MPL,462,7
CT27017-73-R-R-R-MPL,463,7
CT26997-78-R-R-R-MPL,464,5
CT27009-36-R-R-R-MPL,465,3
CT27038-150-R-R-R-MPL,466,6
CT26987-97-R-R-R-MPL,467,7
CT26997-74-R-R-R-MPL,468,6
CT27035-123-R-R-R-MPL,469,6
CT27057-34-R-R-R-MPL,470,6
CT26987-161-R-R-R-MPL,471,7
FEDEARROZ 2000,472,6
CT27015-91-R-R-R-MPL,473,7
CT26987-49-R-R-R-MPL,474,6
CT26989-42-R-R-R-MPL,475,4
CT27016-54-R-R-R-MPL,476,7
ORYZICA 1,477,5
CT27016-35-R-R-R-MPL,478,6
CT26997-125-R-R-R-MPL,479,7
CT27050-34-R-R-R-MPL,480,3
CT27035-117-R-R-R-MPL,481,6
CT26998-91-R-R-R-MPL,482,6
CT26989-97-R-R-R-MPL,483,6
CT26997-82-R-R-R-MPL,484,2
CT27057-61-R-R-R-MPL,485,5
CT26989-34-R-R-R-MPL,486,3
CT27035-111-R-R-R-MPL,487,6
CT27015-81-R-R-R-MPL,488,7
CT26989-130-R-R-R-MPL,489,3
CT27035-102-R-R-R-MPL,490,7
IRGA 5856-2-1-3-1-PL-3,491,6
CT27020-41-R-R-R-MPL,492,7
CT27038-147-R-R-R-MPL,493,5
CT27050-41-R-R-R-MPL,494,6
CT26987-192-R-R-R-MPL,495,6
CT26997-42-R-R-R-MPL,496,2
CT27050-36-R-R-R-MPL,497,2
CT27031-74-R-R-R-MPL,498,6
CT27020-69-R-R-R-MPL,499,7
CT27047-122-R-R-R-MPL,500,7
CT27048-42-R-R-R-MPL,501,7
FEDEARROZ 2000,502,5
CT26989-55-R-R-R-MPL,503,6
CT27035-91-R-R-R-MPL,504,6
CT27017-64-R-R-R-MPL,505,7
CT26987-101-R-R-R-MPL,506,7
CT26997-87-R-R-R-MPL,507,7
CT27009-56-R-R-R-MPL,508,7
CT26989-109-R-R-R-MPL,509,7
CT26998-112-R-R-R-MPL,510,5
CT27035-165-R-R-R-MPL,511,6
CT26989-114-R-R-R-MPL,512,4
CT27047-62-R-R-R-MPL,513,7
CT27017-59-R-R-R-MPL,514,3
CT27020-97-R-R-R-MPL,515,5
CT26995-35-R-R-R-MPL,516,7
CT27035-82-R-R-R-MPL,517,7
CT26987-123-R-R-R-MPL,518,7
CT27050-54-R-R-R-MPL,519,4
CT26998-42-R-R-R-MPL,520,7
CT27015-59-R-R-R-MPL,521,7
CT26995-56-R-R-R-MPL,522,7
CT27015-112-R-R-R-MPL,523,6
CT27038-158-R-R-R-MPL,524,1
CT26995-120-R-R-R-MPL,525,7
CT27057-45-R-R-R-MPL,526,6
CT27038-160-R-R-R-MPL,527,2
CT27035-96-R-R-R-MPL,528,7
Olimar,529,6
CT27047-156-R-R-R-MPL,530,7
CT27020-98-R-R-R-MPL,531,5
CT27050-35-R-R-R-MPL,532,6
CT27048-69-R-R-R-MPL,533,7
CT27035-35-R-R-R-MPL,534,6
CT26997-54-R-R-R-MPL,535,7
CT27047-50-R-R-R-MPL,536,7
CT26991-55-R-R-R-MPL,537,7
CT26989-35-R-R-R-MPL,538,6
CT26995-34-R-R-R-MPL,539,7
CT27015-40-R-R-R-MPL,540,7
CT26995-113-R-R-R-MPL,541,7
CT27047-40-R-R-R-MPL,542,7
CT26987-129-R-R-R-MPL,543,7
CT27016-42-R-R-R-MPL,544,7
CT27031-103-R-R-R-MPL,545,6
CT27009-98-R-R-R-MPL,546,6
ORYZICA 1,547,6
CT27015-72-R-R-R-MPL,548,7
CT26989-138-R-R-R-MPL,549,5
CT27047-166-R-R-R-MPL,550,6
CT26991-68-R-R-R-MPL,551,5
CT27031-76-R-R-R-MPL,552,6
CT27050-111-R-R-R-MPL,553,3
CT26997-146-R-R-R-MPL,554,4
CT27017-74-R-R-R-MPL,555,7
CT27047-162-R-R-R-MPL,556,6
CT27015-73-R-R-R-MPL,557,7
CT26989-64-R-R-R-MPL,558,6
CT27047-81-R-R-R-MPL,559,7
CT26989-113-R-R-R-MPL,560,6
CT27038-145-R-R-R-MPL,561,6
CT27035-72-R-R-R-MPL,562,6
CT27015-122-R-R-R-MPL,563,7
CT27038-152-R-R-R-MPL,564,6
CT26991-70-R-R-R-MPL,565,4
CT26987-159-R-R-R-MPL,566,7
FEDEARROZ 2000,567,7
CT27038-108-R-R-R-MPL,568,6
CT26989-132-R-R-R-MPL,569,6
CT26997-38-R-R-R-MPL,570,6
CT27050-84-R-R-R-MPL,571,6
CT26989-48-R-R-R-MPL,572,6
CT27031-120-R-R-R-MPL,573,6
CT26997-61-R-R-R-MPL,574,2
CT27047-128-R-R-R-MPL,575,6
CT27038-63-R-R-R-MPL,576,7
CT26987-176-R-R-R-MPL,577,7
CT27047-46-R-R-R-MPL,578,6
CT27009-93-R-R-R-MPL,579,6
CT27047-36-R-R-R-MPL,580,7
CT26987-173-R-R-R-MPL,581,6
Olimar,582,6
CT27020-44-R-R-R-MPL,583,6
CT26987-79-R-R-R-MPL,584,6
CT27031-57-R-R-R-MPL,585,7
CT27035-134-R-R-R-MPL,586,6
CT27031-55-R-R-R-MPL,587,7
CT26989-47-R-R-R-MPL,588,3
CT27015-75-R-R-R-MPL,589,5
CT27035-135-R-R-R-MPL,590,5
Olimar,591,6
CT27047-132-R-R-R-MPL,592,6
CT27031-58-R-R-R-MPL,593,7
CT26997-127-R-R-R-MPL,594,1
CT27050-56-R-R-R-MPL,595,2
CT27035-58-R-R-R-MPL,596,6
CT27050-79-R-R-R-MPL,597,4
CT26997-109-R-R-R-MPL,598,2
CT27047-130-R-R-R-MPL,599,7
CT27038-94-R-R-R-MPL,600,7
CT27031-31-R-R-R-MPL,601,6
CT27038-71-R-R-R-MPL,602,5
CT27015-101-R-R-R-MPL,603,5
IRGA 5925-1-4-1-PL-3,604,3
CT27057-57-R-R-R-MPL,605,1
CT26998-44-R-R-R-MPL,606,4
CT26997-57-R-R-R-MPL,607,2
CT26987-81-R-R-R-MPL,608,7
CT26997-104-R-R-R-MPL,609,6
CT27009-43-R-R-R-MPL,610,7
CT27015-110-R-R-R-MPL,611,7
CT27017-87-R-R-R-MPL,612,7
CT27020-95-R-R-R-MPL,613,7
CT27031-95-R-R-R-MPL,614,6
CT27050-32-R-R-R-MPL,615,3
CT27035-90-R-R-R-MPL,616,6
CT26987-120-R-R-R-MPL,617,6
CT26998-81-R-R-R-MPL,618,7
CT27009-63-R-R-R-MPL,619,5
CT27035-64-R-R-R-MPL,620,6
CT27031-39-R-R-R-MPL,621,7
CT27035-103-R-R-R-MPL,622,7
CT26987-133-R-R-R-MPL,623,7
CT27009-58-R-R-R-MPL,624,7
CT27035-54-R-R-R-MPL,625,6
FEDEARROZ 2000,626,6
CT26989-134-R-R-R-MPL,627,7
CT27035-156-R-R-R-MPL,628,6
CT27015-127-R-R-R-MPL,629,7
CT26995-50-R-R-R-MPL,630,6
CT27016-65-R-R-R-MPL,631,7
CT26989-85-R-R-R-MPL,632,4
CT26997-86-R-R-R-MPL,633,4
CT26989-126-R-R-R-MPL,634,6
CT27031-109-R-R-R-MPL,635,6
CT26995-31-R-R-R-MPL,636,7
CT26991-58-R-R-R-MPL,637,5
CT26995-36-R-R-R-MPL,638,6
CT27031-34-R-R-R-MPL,639,6
CT26995-57-R-R-R-MPL,640,7
ORYZICA 1,641,6
CT27048-50-R-R-R-MPL,642,7
CT27038-65-R-R-R-MPL,643,7
CT27015-85-R-R-R-MPL,644,7
CT27047-55-R-R-R-MPL,645,6
CT27050-39-R-R-R-MPL,646,4
CT26995-64-R-R-R-MPL,647,6
CT27050-90-R-R-R-MPL,648,6
CT27057-59-R-R-R-MPL,649,7
ORYZICA 1,650,7
CT27035-81-R-R-R-MPL,651,7
CT27054-46-R-R-R-MPL,652,6
CT27009-41-R-R-R-MPL,653,7
CT27050-55-R-R-R-MPL,654,4
CT27035-162-R-R-R-MPL,655,6
CT27050-104-R-R-R-MPL,656,3
CT27057-43-R-R-R-MPL,657,6
CT27016-95-R-R-R-MPL,658,6
CT26989-118-R-R-R-MPL,659,7
CT27038-93-R-R-R-MPL,660,6
CT26997-80-R-R-R-MPL,661,6
CT27047-44-R-R-R-MPL,662,6
CT26995-80-R-R-R-MPL,663,6
CT27031-69-R-R-R-MPL,664,7
CT27048-34-R-R-R-MPL,665,7
CT26991-47-R-R-R-MPL,666,7
FEDEARROZ 2000,667,6
CT26987-100-R-R-R-MPL,668,7
CT27050-98-R-R-R-MPL,669,5
CT27009-44-R-R-R-MPL,670,6
CT26997-119-R-R-R-MPL,671,7
CT27016-46-R-R-R-MPL,672,7
CT27035-69-R-R-R-MPL,673,7
CT26998-68-R-R-R-MPL,674,6
CT27016-52-R-R-R-MPL,675,7
CT27048-56-R-R-R-MPL,676,7
CT27050-113-R-R-R-MPL,677,6
CT27015-68-R-R-R-MPL,678,7
CT26987-105-R-R-R-MPL,679,7
CT27038-80-R-R-R-MPL,680,7
CT27031-45-R-R-R-MPL,681,6
CT26989-68-R-R-R-MPL,682,5
CT27020-49-R-R-R-MPL,683,7
CT27016-79-R-R-R-MPL,684,7
Olimar,685,7
CT27015-45-R-R-R-MPL,686,7
CT26997-136-R-R-R-MPL,687,6
CT27054-31-R-R-R-MPL,688,7
CT26989-88-R-R-R-MPL,689,6
CT27020-66-R-R-R-MPL,690,2
CT27047-99-R-R-R-MPL,691,6
CT27020-80-R-R-R-MPL,692,6
CT27057-55-R-R-R-MPL,693,2
CT27047-123-R-R-R-MPL,694,7
CT26987-110-R-R-R-MPL,695,7
CT27009-32-R-R-R-MPL,696,7
CT26997-105-R-R-R-MPL,697,6
CT27050-65-R-R-R-MPL,698,7
CT27009-79-R-R-R-MPL,699,7
CT26997-148-R-R-R-MPL,700,6
CT27038-116-R-R-R-MPL,701,7
CT26987-172-R-R-R-MPL,702,7
CT27038-113-R-R-R-MPL,703,6
CT26987-189-R-R-R-MPL,704,7
CT26995-48-R-R-R-MPL,705,7
CT27031-77-R-R-R-MPL,706,7
CT26987-160-R-R-R-MPL,707,6
CT27048-45-R-R-R-MPL,708,7
CT26997-31-R-R-R-MPL,709,6
CT26987-153-R-R-R-MPL,710,6
CT26997-97-R-R-R-MPL,711,7
FL12710-2-2P-MP-MP,712,6
CT26987-185-R-R-R-MPL,713,6
ORYZICA 1,714,6
CT26995-43-R-R-R-MPL,715,7
CT27048-33-R-R-R-MPL,716,6
CT22061-2P-2SR-3P-2SR-1P-4P,717,5
CT26987-82-R-R-R-MPL,718,6
CT27017-99-R-R-R-MPL,719,6
CT26998-113-R-R-R-MPL,720,6
CT27047-140-R-R-R-MPL,721,3
CT26998-50-R-R-R-MPL,722,2
CT26997-46-R-R-R-MPL,723,6
CT26989-121-R-R-R-MPL,724,3
CT27038-70-R-R-R-MPL,725,5
CT27035-153-R-R-R-MPL,726,7
CT27038-100-R-R-R-MPL,727,7
CT27035-158-R-R-R-MPL,728,6
CT27038-43-R-R-R-MPL,729,7
Olimar,730,7
CT26997-158-R-R-R-MPL,731,5
CT27038-79-R-R-R-MPL,732,5
CT27009-64-R-R-R-MPL,733,6
CT26989-58-R-R-R-MPL,734,6
CT27035-149-R-R-R-MPL,735,7
CT27031-113-R-R-R-MPL,736,7
CT27048-37-R-R-R-MPL,737,7
CT27017-101-R-R-R-MPL,738,6
CT26997-150-R-R-R-MPL,739,6
CT27031-85-R-R-R-MPL,740,7
CT27017-90-R-R-R-MPL,741,7
CT26989-133-R-R-R-MPL,742,6
CT26991-42-R-R-R-MPL,743,7
CT27009-83-R-R-R-MPL,744,7
CT27031-51-R-R-R-MPL,745,7
CT26997-129-R-R-R-MPL,746,4
CT26987-150-R-R-R-MPL,747,2
CT26989-81-R-R-R-MPL,748,3
CT26987-112-R-R-R-MPL,749,5
FEDEARROZ 2000,750,6
H 9 (IRGA-R-CL-8-1-7),751,4
CT26989-57-R-R-R-MPL,752,4
CT26997-93-R-R-R-MPL,753,3
CT26995-114-R-R-R-MPL,754,6
CT26987-107-R-R-R-MPL,755,7
CT26995-76-R-R-R-MPL,756,6
CT26989-53-R-R-R-MPL,757,5
CT27017-48-R-R-R-MPL,758,7
CT27016-84-R-R-R-MPL,759,7
CT26987-74-R-R-R-MPL,760,7
CT27020-81-R-R-R-MPL,761,6
CT26995-81-R-R-R-MPL,762,7
CT26989-100-R-R-R-MPL,763,3
CT27047-60-R-R-R-MPL,764,6
CT27035-70-R-R-R-MPL,765,6
CT26995-49-R-R-R-MPL,766,6
CT27047-141-R-R-R-MPL,767,6
CT27016-96-R-R-R-MPL,768,7
CT26989-70-R-R-R-MPL,769,6
CT27020-96-R-R-R-MPL,770,5
CT26987-152-R-R-R-MPL,771,5
ORYZICA 1,772,6
CT26987-126-R-R-R-MPL,773,6
CT27020-94-R-R-R-MPL,774,6
CT27009-42-R-R-R-MPL,775,8
CT26998-65-R-R-R-MPL,776,1
CT26987-147-R-R-R-MPL,777,7
CT27005-31-R-R-R-MPL,778,7
CT27035-136-R-R-R-MPL,779,6
CT27017-56-R-R-R-MPL,780,5
CT26997-65-R-R-R-MPL,781,6
CT27047-42-R-R-R-MPL,782,6
CT27050-74-R-R-R-MPL,783,2
CT27009-86-R-R-R-MPL,784,6
CT27035-120-R-R-R-MPL,785,6
CT26995-134-R-R-R-MPL,786,5
CT27009-81-R-R-R-MPL,787,7
CT26998-49-R-R-R-MPL,788,6
CT26991-49-R-R-R-MPL,789,5
CT27035-164-R-R-R-MPL,790,6
CT27057-42-R-R-R-MPL,791,6
CT27016-81-R-R-R-MPL,792,7
CT27020-32-R-R-R-MPL,793,6
CT27038-38-R-R-R-MPL,794,6
CT26987-183-R-R-R-MPL,795,6
Olimar,796,6
CT27031-81-R-R-R-MPL,797,6
CT27017-62-R-R-R-MPL,798,5
CT27038-107-R-R-R-MPL,799,6
CT27054-55-R-R-R-MPL,800,7
CT27050-132-R-R-R-MPL,801,3
CT26997-51-R-R-R-MPL,802,3
CT27050-62-R-R-R-MPL,803,4
CT27035-50-R-R-R-MPL,804,7
CT26997-100-R-R-R-MPL,805,6
CT27050-82-R-R-R-MPL,806,6
CT26987-108-R-R-R-MPL,807,7
CT27035-137-R-R-R-MPL,808,7
CT27048-61-R-R-R-MPL,809,7
CT26997-83-R-R-R-MPL,810,2
CT26989-79-R-R-R-MPL,811,5
CT27057-33-R-R-R-MPL,812,7
CT26995-73-R-R-R-MPL,813,7
CT27047-84-R-R-R-MPL,814,7
CT26987-100-R-R-R-MPL,815,7
CT26989-82-R-R-R-MPL,816,4
CT26995-88-R-R-R-MPL,817,7
CT27047-93-R-R-R-MPL,818,6
CT27035-119-R-R-R-MPL,819,6
CT27047-86-R-R-R-MPL,820,7
CT26997-140-R-R-R-MPL,821,6
CT27035-95-R-R-R-MPL,822,7
CT26989-51-R-R-R-MPL,823,7
CT26987-127-R-R-R-MPL,824,7
CT26995-104-R-R-R-MPL,825,6
CT26987-155-R-R-R-MPL,826,6
FEDEARROZ 2000,827,5
CT26991-71-R-R-R-MPL,828,6
CT27038-58-R-R-R-MPL,829,6
CT27035-56-R-R-R-MPL,830,7
CT27038-45-R-R-R-MPL,831,2
Olimar,832,7
CT27009-75-R-R-R-MPL,833,7
CT27038-55-R-R-R-MPL,834,6
CT27054-48-R-R-R-MPL,835,7
CT27017-63-R-R-R-MPL,836,7
CT26995-65-R-R-R-MPL,837,6
CT27047-126-R-R-R-MPL,838,7
CT27048-52-R-R-R-MPL,839,7
CT26989-74-R-R-R-MPL,840,6
CT27038-34-R-R-R-MPL,841,7
CT27047-96-R-R-R-MPL,842,7
CT26997-102-R-R-R-MPL,843,6
CT27020-88-R-R-R-MPL,844,7
CT26987-62-R-R-R-MPL,845,7
CT27050-91-R-R-R-MPL,846,7
CT27017-70-R-R-R-MPL,847,7
CT27047-114-R-R-R-MPL,848,7
CT27009-46-R-R-R-MPL,849,5
CT26987-179-R-R-R-MPL,850,7
CT26995-41-R-R-R-MPL,851,6
CT26989-43-R-R-R-MPL,852,6
CT26998-99-R-R-R-MPL,853,7
CT26991-74-R-R-R-MPL,854,7
CT27016-69-R-R-R-MPL,855,7
CT26991-59-R-R-R-MPL,856,7
CT27048-53-R-R-R-MPL,857,2
CT26987-33-R-R-R-MPL,858,6
CT26989-72-R-R-R-MPL,859,5
CT27038-50-R-R-R-MPL,860,6
CT27047-167-R-R-R-MPL,861,7
H 4 (IRGA-R-CL-8-2-1),862,3
CT27038-77-R-R-R-MPL,863,2
CT26997-101-R-R-R-MPL,864,6
CT27048-46-R-R-R-MPL,865,7
ORYZICA 1,866,6
CT27017-65-R-R-R-MPL,867,7
CT26995-83-R-R-R-MPL,868,7
CT26997-37-R-R-R-MPL,869,7
CT26995-40-R-R-R-MPL,870,7
CT27015-123-R-R-R-MPL,871,7
CT27038-103-R-R-R-MPL,872,6
CT27031-64-R-R-R-MPL,873,6
CT27009-53-R-R-R-MPL,874,7
CT27015-96-R-R-R-MPL,875,6
CT26987-57-R-R-R-MPL,876,6
CT27057-52-R-R-R-MPL,877,7
CT26987-118-R-R-R-MPL,878,7
CT26997-34-R-R-R-MPL,879,7
CT27015-117-R-R-R-MPL,880,7
FEDEARROZ 2000,881,6
CT27020-54-R-R-R-MPL,882,7
CT27016-94-R-R-R-MPL,883,7
CT27054-49-R-R-R-MPL,884,2
CT27047-78-R-R-R-MPL,885,5
CT26997-142-R-R-R-MPL,886,7
CT26987-43-R-R-R-MPL,887,7
CT27038-69-R-R-R-MPL,888,7
CT26987-132-R-R-R-MPL,889,7
CT26997-112-R-R-R-MPL,890,7
CT27020-68-R-R-R-MPL,891,5
FEDEARROZ 2000,892,7
CT27035-74-R-R-R-MPL,893,7
CT27016-40-R-R-R-MPL,894,6
CT26995-119-R-R-R-MPL,895,7
CT27015-50-R-R-R-MPL,896,7
CT27017-82-R-R-R-MPL,897,2
CT26998-79-R-R-R-MPL,898,7
CT27057-40-R-R-R-MPL,899,7
CT27038-39-R-R-R-MPL,900,2
CT27015-48-R-R-R-MPL,901,6
CT27035-127-R-R-R-MPL,902,6
CT26989-50-R-R-R-MPL,903,6
CT26995-47-R-R-R-MPL,904,7
CT27050-100-R-R-R-MPL,905,7
CT27016-71-R-R-R-MPL,906,7
CT26995-92-R-R-R-MPL,907,7
CT27020-73-R-R-R-MPL,908,7
CT26987-119-R-R-R-MPL,909,7
CT27020-74-R-R-R-MPL,910,7
ORYZICA 1,911,6
CT27047-95-R-R-R-MPL,912,6
CT26989-123-R-R-R-MPL,913,7
CT27009-31-R-R-R-MPL,914,3
CT27035-89-R-R-R-MPL,915,6
CT27020-77-R-R-R-MPL,916,6
Olimar,917,6
CT27035-154-R-R-R-MPL,918,6
CT27054-32-R-R-R-MPL,919,6
CT27035-67-R-R-R-MPL,920,7
CT26995-55-R-R-R-MPL,921,7
CT27031-111-R-R-R-MPL,922,6
CT27015-97-R-R-R-MPL,923,6
CT27047-112-R-R-R-MPL,924,6
CT26997-111-R-R-R-MPL,925,6
CT27057-54-R-R-R-MPL,926,2
CT27048-41-R-R-R-MPL,927,6
CT27035-97-R-R-R-MPL,928,6
CT27031-71-R-R-R-MPL,929,6
CT27017-89-R-R-R-MPL,930,6
CT26987-115-R-R-R-MPL,931,6
CT27035-160-R-R-R-MPL,932,5
CT27016-33-R-R-R-MPL,933,6
CT27031-91-R-R-R-MPL,934,6
CT26997-143-R-R-R-MPL,935,1
CT27031-107-R-R-R-MPL,936,6
CT27047-170-R-R-R-MPL,937,6
CT27038-159-R-R-R-MPL,938,5
CT27020-89-R-R-R-MPL,939,6
CT26987-103-R-R-R-MPL,940,6
CT26997-137-R-R-R-MPL,941,5
CT27035-159-R-R-R-MPL,942,6
CT27031-61-R-R-R-MPL,943,6
CT27035-59-R-R-R-MPL,944,6
ORYZICA 1,945,5
CT27035-37-R-R-R-MPL,946,6
CT26997-68-R-R-R-MPL,947,6
CT26991-45-R-R-R-MPL,948,6
CT27035-66-R-R-R-MPL,949,7
CT26995-125-R-R-R-MPL,950,6
CT26997-124-R-R-R-MPL,951,6
CT27050-129-R-R-R-MPL,952,6
CT27057-38-R-R-R-MPL,953,6
CT26989-51-R-R-R-MPL,954,5
CT27015-44-R-R-R-MPL,955,5
CT26991-72-R-R-R-MPL,956,6
CT27050-119-R-R-R-MPL,957,3
CT27016-88-R-R-R-MPL,958,6
CT27009-39-R-R-R-MPL,959,7
CT27035-144-R-R-R-MPL,960,6
Olimar,961,6
CT27035-88-R-R-R-MPL,962,7
CT27031-96-R-R-R-MPL,963,6
CT27035-31-R-R-R-MPL,964,6
CT27038-137-R-R-R-MPL,965,3
CT27057-58-R-R-R-MPL,966,6
CT26998-48-R-R-R-MPL,967,3
CT26997-95-R-R-R-MPL,968,7
CT27050-48-R-R-R-MPL,969,4
CT26991-67-R-R-R-MPL,970,7
CT26987-130-R-R-R-MPL,971,6
CT27015-104-R-R-R-MPL,972,6
CT26995-61-R-R-R-MPL,973,6
CT26989-99-R-R-R-MPL,974,2
CT26995-90-R-R-R-MPL,975,6
CT26987-69-R-R-R-MPL,976,6
CT27015-98-R-R-R-MPL,977,7
CT26987-148-R-R-R-MPL,978,6
CT27016-80-R-R-R-MPL,979,7
CT27020-62-R-R-R-MPL,980,7
CT26997-40-R-R-R-MPL,981,5
CT26995-78-R-R-R-MPL,982,6
CT27035-112-R-R-R-MPL,983,7
CT27038-164-R-R-R-MPL,984,6
CT27031-121-R-R-R-MPL,985,6
CT27047-66-R-R-R-MPL,986,6
CT27031-82-R-R-R-MPL,987,6
CT27035-80-R-R-R-MPL,988,6
CT26998-115-R-R-R-MPL,989,5
CT27054-44-R-R-R-MPL,990,6
CT27050-93-R-R-R-MPL,991,6
CT27047-115-R-R-R-MPL,992,7
CT27015-77-R-R-R-MPL,993,6
CT27054-57-R-R-R-MPL,994,7
CT27017-35-R-R-R-MPL,995,7
CT27035-151-R-R-R-MPL,996,6
FEDEARROZ 2000,997,7
CT27038-82-R-R-R-MPL,998,7
CT27050-45-R-R-R-MPL,999,7
CT26989-115-R-R-R-MPL,1000,7
CT26995-115-R-R-R-MPL,1001,7
CT27015-56-R-R-R-MPL,1002,6
CT26987-190-R-R-R-MPL,1003,7
CT27020-46-R-R-R-MPL,1004,7
CT27016-75-R-R-R-MPL,1005,7
CT26987-168-R-R-R-MPL,1006,7
CT27038-162-R-R-R-MPL,1007,7
CT27020-48-R-R-R-MPL,1008,7
CT27009-60-R-R-R-MPL,1009,7
CT27047-94-R-R-R-MPL,1010,6
CT27038-105-R-R-R-MPL,1011,6
CT26995-103-R-R-R-MPL,1012,6
ORYZICA 1,1013,6
CT27016-45-R-R-R-MPL,1014,7
CT27020-37-R-R-R-MPL,1015,7
CT27047-108-R-R-R-MPL,1016,6
CT26995-74-R-R-R-MPL,1017,7
CT26998-96-R-R-R-MPL,1018,6
CT27031-56-R-R-R-MPL,1019,7
CT27047-76-R-R-R-MPL,1020,7
CT27009-67-R-R-R-MPL,1021,2
CT27031-106-R-R-R-MPL,1022,7
H 50(IRGA R14-23-1-3),1023,3
CT27016-76-R-R-R-MPL,1024,7
CT27038-98-R-R-R-MPL,1025,6
CT26989-116-R-R-R-MPL,1026,5
CT26987-53-R-R-R-MPL,1027,7
CT27016-102-R-R-R-MPL,1028,7
CT27031-84-R-R-R-MPL,1029,6
CT27035-150-R-R-R-MPL,1030,6
CT27015-80-R-R-R-MPL,1031,7
CT26997-145-R-R-R-MPL,1032,6
CT26987-60-R-R-R-MPL,1033,7
Olimar,1034,7
CT26997-121-R-R-R-MPL,1035,7
CT26995-69-R-R-R-MPL,1036,7
CT27020-59-R-R-R-MPL,1037,6
CT27009-91-R-R-R-MPL,1038,7
CT27017-41-R-R-R-MPL,1039,7
CT26989-45-R-R-R-MPL,1040,6
CT27016-90-R-R-R-MPL,1041,7
CT27047-90-R-R-R-MPL,1042,6
CT26998-32-R-R-R-MPL,1043,6
CT27035-41-R-R-R-MPL,1044,7
CT27050-46-R-R-R-MPL,1045,5
CT27016-43-R-R-R-MPL,1046,7
CT27035-84-R-R-R-MPL,1047,7
CT27048-47-R-R-R-MPL,1048,6
CT27016-55-R-R-R-MPL,1049,7
CT26987-85-R-R-R-MPL,1050,7
CT27016-49-R-R-R-MPL,1051,7
CT27050-115-R-R-R-MPL,1052,6
CT26989-102-R-R-R-MPL,1053,7
CT27035-48-R-R-R-MPL,1054,6
CT26987-157-R-R-R-MPL,1055,6
CT26997-63-R-R-R-MPL,1056,6
CT26987-131-R-R-R-MPL,1057,7
CT27054-41-R-R-R-MPL,1058,7
CT27016-37-R-R-R-MPL,1059,7
CT27050-105-R-R-R-MPL,1060,6
CT27038-146-R-R-R-MPL,1061,6
CT27017-57-R-R-R-MPL,1062,7
CT26991-56-R-R-R-MPL,1063,6
CT26995-95-R-R-R-MPL,1064,6
FEDEARROZ 2000,1065,6
CT26995-97-R-R-R-MPL,1066,6
CT27017-31-R-R-R-MPL,1067,1
CT27031-63-R-R-R-MPL,1068,7
CT27038-144-R-R-R-MPL,1069,3
Olimar,1070,6
CT27035-98-R-R-R-MPL,1071,7
CT26989-41-R-R-R-MPL,1072,5
CT27020-56-R-R-R-MPL,1073,6
CT26995-32-R-R-R-MPL,1074,7
CT27038-129-R-R-R-MPL,1075,1
CT27035-108-R-R-R-MPL,1076,7
CT27020-34-R-R-R-MPL,1077,5
CT27035-131-R-R-R-MPL,1078,6
CT27020-60-R-R-R-MPL,1079,6
CT27054-40-R-R-R-MPL,1080,4
CT27047-153-R-R-R-MPL,1081,6
CT26987-109-R-R-R-MPL,1082,6
CT26998-101-R-R-R-MPL,1083,5
CT27054-33-R-R-R-MPL,1084,7
CT26991-44-R-R-R-MPL,1085,6
CT26997-75-R-R-R-MPL,1086,7
CT27047-49-R-R-R-MPL,1087,6
CT27016-51-R-R-R-MPL,1088,6
CT26995-135-R-R-R-MPL,1089,6
CT27035-101-R-R-R-MPL,1090,6
CT26997-98-R-R-R-MPL,1091,1
CT27020-51-R-R-R-MPL,1092,6
ORYZICA 1,1093,5
CT27047-143-R-R-R-MPL,1094,6
CT27020-76-R-R-R-MPL,1095,1
CT26997-90-R-R-R-MPL,1096,4
CT27015-60-R-R-R-MPL,1097,6
CT27020-57-R-R-R-MPL,1098,4
CT27016-78-R-R-R-MPL,1099,6
FL12718-3-1P-3A- MP- MP,1100,3
CT26987-87-R-R-R-MPL,1101,6
CT27050-50-R-R-R-MPL,1102,6
CT26998-116-R-R-R-MPL,1103,2
CT27016-39-R-R-R-MPL,1104,7
CT27035-55-R-R-R-MPL,1105,7
CT27047-163-R-R-R-MPL,1106,6
CT27035-129-R-R-R-MPL,1107,7
CT27054-62-R-R-R-MPL,1108,7
CT26987-170-R-R-R-MPL,1109,6
CT26997-50-R-R-R-MPL,1110,6
CT26989-69-R-R-R-MPL,1111,5
FEDEARROZ 2000,1112,6
CT27017-60-R-R-R-MPL,1113,6
CT27038-78-R-R-R-MPL,1114,6
CT27031-46-R-R-R-MPL,1115,7
CT26997-64-R-R-R-MPL,1116,7
CT27035-38-R-R-R-MPL,1117,6
CT26995-117-R-R-R-MPL,1118,6
CT27038-53-R-R-R-MPL,1119,7
ORYZICA 1,1120,5
CT27015-46-R-R-R-MPL,1121,6
CT26997-115-R-R-R-MPL,1122,4
CT27047-135-R-R-R-MPL,1123,5
CT27009-71-R-R-R-MPL,1124,7
CT27031-104-R-R-R-MPL,1125,5
CT26987-125-R-R-R-MPL,1126,4
CT27020-103-R-R-R-MPL,1127,6
CT27057-63-R-R-R-MPL,1128,6
CT26991-32-R-R-R-MPL,1129,6
CT27015-102-R-R-R-MPL,1130,6
CT27038-121-R-R-R-MPL,1131,3
CT26998-36-R-R-R-MPL,1132,5
CT27016-87-R-R-R-MPL,1133,7
CT27047-91-R-R-R-MPL,1134,6
CT27054-53-R-R-R-MPL,1135,6
CT26998-39-R-R-R-MPL,1136,5
CT27035-71-R-R-R-MPL,1137,6
CT26995-124-R-R-R-MPL,1138,6
CT26989-124-R-R-R-MPL,1139,6
CT27035-133-R-R-R-MPL,1140,7
CT27038-59-R-R-R-MPL,1141,6
CT27015-67-R-R-R-MPL,1142,6
CT26987-121-R-R-R-MPL,1143,6
FEDEARROZ 2000,1144,7
CT27009-66-R-R-R-MPL,1145,5
CT26995-63-R-R-R-MPL,1146,6
CT27031-108-R-R-R-MPL,1147,6
CT26987-188-R-R-R-MPL,1148,7
CT27015-69-R-R-R-MPL,1149,7
CT26998-87-R-R-R-MPL,1150,7
CT27050-68-R-R-R-MPL,1151,7
CT26987-55-R-R-R-MPL,1152,7
CT26997-81-R-R-R-MPL,1153,7
CT27038-72-R-R-R-MPL,1154,3
CT27015-126-R-R-R-MPL,1155,7
CT27020-104-R-R-R-MPL,1156,6
CT27015-78-R-R-R-MPL,1157,7
CT27031-60-R-R-R-MPL,1158,6
CT26987-117-R-R-R-MPL,1159,7
CT27038-124-R-R-R-MPL,1160,6
CT26997-71-R-R-R-MPL,1161,3
CT27009-38-R-R-R-MPL,1162,6
CT26997-55-R-R-R-MPL,1163,6
Olimar,1164,6
CT26998-73-R-R-R-MPL,1165,6
CT27047-142-R-R-R-MPL,1166,6
CT27009-49-R-R-R-MPL,1167,5
CT26987-158-R-R-R-MPL,1168,7
CT27016-100-R-R-R-MPL,1169,7
CT27031-80-R-R-R-MPL,1170,7
CT26995-37-R-R-R-MPL,1171,6
CT27038-106-R-R-R-MPL,1172,1
CT27009-54-R-R-R-MPL,1173,7
CT27047-113-R-R-R-MPL,1174,7
CT26997-108-R-R-R-MPL,1175,2
CT27047-146-R-R-R-MPL,1176,6
CT27035-140-R-R-R-MPL,1177,6
CT26997-118-R-R-R-MPL,1178,7
CT26995-100-R-R-R-MPL,1179,6
CT27017-86-R-R-R-MPL,1180,3
CT27047-35-R-R-R-MPL,1181,6
CT27015-42-R-R-R-MPL,1182,7
CT27017-71-R-R-R-MPL,1183,7
CT26987-61-R-R-R-MPL,1184,7
CT27050-130-R-R-R-MPL,1185,6
CT27035-113-R-R-R-MPL,1186,7
CT26997-126-R-R-R-MPL,1187,3
CT26987-91-R-R-R-MPL,1188,5
CT27047-103-R-R-R-MPL,1189,6
ORYZICA 1,1190,5
H 76 (IRGA R14-8-4-MP),1191,3
CT26987-88-R-R-R-MPL,1192,7
CT27038-37-R-R-R-MPL,1193,7
CT26987-137-R-R-R-MPL,1194,6
CT27038-155-R-R-R-MPL,1195,3
CT26989-76-R-R-R-MPL,1196,6
CT27047-89-R-R-R-MPL,1197,7
CT27038-149-R-R-R-MPL,1198,7
CT27015-87-R-R-R-MPL,1199,6
CT27047-169-R-R-R-MPL,1200,7
CT26987-102-R-R-R-MPL,1201,7
CT27035-76-R-R-R-MPL,1202,7
CT27009-85-R-R-R-MPL,1203,7
CT27017-102-R-R-R-MPL,1204,7
CT27047-149-R-R-R-MPL,1205,6
CT26991-41-R-R-R-MPL,1206,6
CT27015-57-R-R-R-MPL,1207,7
CT27038-41-R-R-R-MPL,1208,5
CT27015-131-R-R-R-MPL,1209,7
FEDEARROZ 2000,1210,7
CT27031-101-R-R-R-MPL,1211,7
CT26995-33-R-R-R-MPL,1212,7
CT27020-106-R-R-R-MPL,1213,7
CT26997-48-R-R-R-MPL,1214,3
CT27047-77-R-R-R-MPL,1215,6
CT26995-42-R-R-R-MPL,1216,6
CT27050-58-R-R-R-MPL,1217,2
CT27057-44-R-R-R-MPL,1218,6
CT26997-117-R-R-R-MPL,1219,7
CT27050-53-R-R-R-MPL,1220,7
CT27047-106-R-R-R-MPL,1221,7
CT26991-52-R-R-R-MPL,1222,7
CT27031-72-R-R-R-MPL,1223,6
CT26995-84-R-R-R-MPL,1224,6
CT26989-128-R-R-R-MPL,1225,3
CT26995-127-R-R-R-MPL,1226,7
CT27031-86-R-R-R-MPL,1227,7
CT26989-87-R-R-R-MPL,1228,3
CT27017-37-R-R-R-MPL,1229,6
CT27057-41-R-R-R-MPL,1230,6
CT26998-100-R-R-R-MPL,1231,7
CT27035-53-R-R-R-MPL,1232,7
CT27015-107-R-R-R-MPL,1233,7
CT27020-101-R-R-R-MPL,1234,7
CT26998-66-R-R-R-MPL,1235,6
CT27015-94-R-R-R-MPL,1236,7
CT27005-34-R-R-R-MPL,1237,3
CT27047-56-R-R-R-MPL,1238,6
CT26987-36-R-R-R-MPL,1239,7
CT27038-90-R-R-R-MPL,1240,6
CT26987-50-R-R-R-MPL,1241,7
CT27035-46-R-R-R-MPL,1242,7
Olimar,1243,7
CT26989-77-R-R-R-MPL,1244,7
ORYZICA 1,1245,6
CT27015-33-R-R-R-MPL,1246,7
CT27050-57-R-R-R-MPL,1247,6
CT27047-70-R-R-R-MPL,1248,6
CT26995-44-R-R-R-MPL,1249,6
CT27031-54-R-R-R-MPL,1250,6
CT26987-140-R-R-R-MPL,1251,7
CT27054-61-R-R-R-MPL,1252,1
CT27038-123-R-R-R-MPL,1253,5
FEDEARROZ 2000,1254,7
CT26995-62-R-R-R-MPL,1255,7
IRGA 418,1256,7
CT27020-43-R-R-R-MPL,1257,7
CT26998-69-R-R-R-MPL,1258,2
CT27038-64-R-R-R-MPL,1259,5
CT26987-122-R-R-R-MPL,1260,6
CT27017-50-R-R-R-MPL,1261,6
CT26987-77-R-R-R-MPL,1262,7
CT26998-89-R-R-R-MPL,1263,7
CT26989-119-R-R-R-MPL,1264,6
CT26998-110-R-R-R-MPL,1265,7
CT26995-110-R-R-R-MPL,1266,7
CT27015-54-R-R-R-MPL,1267,6
CT27035-148-R-R-R-MPL,1268,6
CT27038-117-R-R-R-MPL,1269,6
CT27035-107-R-R-R-MPL,1270,7
CT27048-35-R-R-R-MPL,1271,6
CT26995-71-R-R-R-MPL,1272,7
CT27015-62-R-R-R-MPL,1273,7
CT26987-42-R-R-R-MPL,1274,7
CT26997-33-R-R-R-MPL,1275,6
CT27017-67-R-R-R-MPL,1276,6
CT27038-67-R-R-R-MPL,1277,6
CT26987-70-R-R-R-MPL,1278,6
CT26995-85-R-R-R-MPL,1279,6
CT27031-70-R-R-R-MPL,1280,6
CT27047-71-R-R-R-MPL,1281,7
Olimar,1282,6
CT26989-96-R-R-R-MPL,1283,4
CT27035-163-R-R-R-MPL,1284,6
CT27031-43-R-R-R-MPL,1285,7
CT27038-132-R-R-R-MPL,1286,6
CT27031-53-R-R-R-MPL,1287,6
CT27038-120-R-R-R-MPL,1288,2
CT27020-71-R-R-R-MPL,1289,7
CT27047-33-R-R-R-MPL,1290,7
CT27016-92-R-R-R-MPL,1291,7
CT26987-171-R-R-R-MPL,1292,7
CT27035-126-R-R-R-MPL,1293,7
CT27009-78-R-R-R-MPL,1294,5
CT27035-85-R-R-R-MPL,1295,6
CT27015-92-R-R-R-MPL,1296,6
CT26995-111-R-R-R-MPL,1297,6
CT27038-157-R-R-R-MPL,1298,5
CT26991-46-R-R-R-MPL,1299,6
CT27035-34-R-R-R-MPL,1300,7
CT27031-119-R-R-R-MPL,1301,5
CT27015-71-R-R-R-MPL,1302,6
CT26995-59-R-R-R-MPL,1303,6
SLF-10-108,1304,3
CT27015-99-R-R-R-MPL,1305,6
CT26998-61-R-R-R-MPL,1306,7
CT26997-139-R-R-R-MPL,1307,7
CT26987-34-R-R-R-MPL,1308,7
CT26995-106-R-R-R-MPL,1309,7
CT27047-133-R-R-R-MPL,1310,7
CT27015-41-R-R-R-MPL,1311,7
CT27016-74-R-R-R-MPL,1312,7
FEDEARROZ 2000,1313,6
CT27015-100-R-R-R-MPL,1314,7
CT27031-99-R-R-R-MPL,1315,7
CT27016-41-R-R-R-MPL,1316,7
CT26995-130-R-R-R-MPL,1317,6
CT26989-40-R-R-R-MPL,1318,7
CT26987-95-R-R-R-MPL,1319,6
CT27035-49-R-R-R-MPL,1320,5
CT27038-122-R-R-R-MPL,1321,7
CT27047-151-R-R-R-MPL,1322,7
CT27017-53-R-R-R-MPL,1323,6
CT27050-128-R-R-R-MPL,1324,6
CT26987-165-R-R-R-MPL,1325,7
CT27009-88-R-R-R-MPL,1326,7
CT27035-68-R-R-R-MPL,1327,7
CT26989-62-R-R-R-MPL,1328,4
CT27047-159-R-R-R-MPL,1329,7
CT26987-72-R-R-R-MPL,1330,7
ORYZICA 1,1331,6
CT27038-161-R-R-R-MPL,1332,6
CT27057-37-R-R-R-MPL,1333,6
CT27031-75-R-R-R-MPL,1334,7
CT27047-63-R-R-R-MPL,1335,7
CT27038-138-R-R-R-MPL,1336,7
CT26987-149-R-R-R-MPL,1337,5
CT26997-132-R-R-R-MPL,1338,6
CT27015-38-R-R-R-MPL,1339,7
CT27017-47-R-R-R-MPL,1340,7
CT27009-80-R-R-R-MPL,1341,7
CT26991-53-R-R-R-MPL,1342,6
CT26998-119-R-R-R-MPL,1343,6
CT26989-112-R-R-R-MPL,1344,7
CT26987-76-R-R-R-MPL,1345,7
CT27050-38-R-R-R-MPL,1346,5
CT27054-37-R-R-R-MPL,1347,1
CT26991-50-R-R-R-MPL,1348,6
CT26989-139-R-R-R-MPL,1349,7
CT27009-102-R-R-R-MPL,1350,7
CT26998-107-R-R-R-MPL,1351,6
CT27035-83-R-R-R-MPL,1352,7
CT26989-90-R-R-R-MPL,1353,6
CT27035-78-R-R-R-MPL,1354,7
CT27047-120-R-R-R-MPL,1355,7
FL12740-2-3P-2A- MP- MP,1356,7
CT27038-97-R-R-R-MPL,1357,7
CT27057-36-R-R-R-MPL,1358,6
Olimar,1359,6
CT27047-139-R-R-R-MPL,1360,6
CT26987-113-R-R-R-MPL,1361,6
FEDEARROZ 2000,1362,6
CT27050-121-R-R-R-MPL,1363,7
CT26995-77-R-R-R-MPL,1364,7
CT27031-38-R-R-R-MPL,1365,7
CT26989-60-R-R-R-MPL,1366,7
CT27035-130-R-R-R-MPL,1367,6
CT27050-103-R-R-R-MPL,1368,7
CT27047-75-R-R-R-MPL,1369,6
CT27038-141-R-R-R-MPL,1370,6
CT27035-79-R-R-R-MPL,1371,6
CT27031-112-R-R-R-MPL,1372,7
CT27048-43-R-R-R-MPL,1373,6
CT26998-72-R-R-R-MPL,1374,6
CT26997-153-R-R-R-MPL,1375,5
CT26998-60-R-R-R-MPL,1376,7
CT27054-52-R-R-R-MPL,1377,7
CT27031-68-R-R-R-MPL,1378,6
CT27035-116-R-R-R-MPL,1379,6
CT27009-70-R-R-R-MPL,1380,7
CT26989-92-R-R-R-MPL,1381,7
CT26997-49-R-R-R-MPL,1382,6
CT27031-52-R-R-R-MPL,1383,7
CT26989-32-R-R-R-MPL,1384,7
CT26997-118-R-R-R-MPL,1385,7
Olimar,1386,6
CT27017-91-R-R-R-MPL,1387,6
CT27050-133-R-R-R-MPL,1388,5
CT27017-92-R-R-R-MPL,1389,7
CT26991-60-R-R-R-MPL,1390,6
CT27016-68-R-R-R-MPL,1391,7
CT26998-95-R-R-R-MPL,1392,5
CT27050-81-R-R-R-MPL,1393,6
CT27015-76-R-R-R-MPL,1394,6
CT27054-56-R-R-R-MPL,1395,6
CT26987-45-R-R-R-MPL,1396,7
CT27031-98-R-R-R-MPL,1397,7
CT27035-146-R-R-R-MPL,1398,6
CT27009-68-R-R-R-MPL,1399,4
CT26987-178-R-R-R-MPL,1400,5
CT26989-36-R-R-R-MPL,1401,4
CT26987-54-R-R-R-MPL,1402,5
CT27047-31-R-R-R-MPL,1403,5
CT26989-129-R-R-R-MPL,1404,5
CT26987-73-R-R-R-MPL,1405,6
CT27050-116-R-R-R-MPL,1406,3
CT26998-102-R-R-R-MPL,1407,1
CT27057-35-R-R-R-MPL,1408,4
CT27016-47-R-R-R-MPL,1409,7
CT27035-106-R-R-R-MPL,1410,6
ORYZICA 1,1411,5
CT27035-118-R-R-R-MPL,1412,6
CT26998-35-R-R-R-MPL,1413,3
CT26989-135-R-R-R-MPL,1414,5
CT27038-126-R-R-R-MPL,1415,5
CT27031-117-R-R-R-MPL,1416,6
CT27016-57-R-R-R-MPL,1417,7
CT27020-50-R-R-R-MPL,1418,6
CT26995-89-R-R-R-MPL,1419,7
CT27015-63-R-R-R-MPL,1420,7
CT26987-134-R-R-R-MPL,1421,6
CT26989-91-R-R-R-MPL,1422,6
CT27017-96-R-R-R-MPL,1423,7
CT27015-111-R-R-R-MPL,1424,7
CT27020-38-R-R-R-MPL,1425,4
CT26991-53-R-R-R-MPL,1426,4
CT27005-36-R-R-R-MPL,1427,5
CT27047-69-R-R-R-MPL,1428,6
Olimar,1429,5
CT26998-118-R-R-R-MPL,1430,4
CT26987-75-R-R-R-MPL,1431,6
CT27038-109-R-R-R-MPL,1432,6
CT26987-104-R-R-R-MPL,1433,6
CT26997-131-R-R-R-MPL,1434,3
CT26995-75-R-R-R-MPL,1435,6
CT26987-40-R-R-R-MPL,1436,6
CT27035-105-R-R-R-MPL,1437,6
CT27050-85-R-R-R-MPL,1438,7
CT26989-33-R-R-R-MPL,1439,6
CT26997-69-R-R-R-MPL,1440,6
CT27038-61-R-R-R-MPL,1441,4
CT26987-141-R-R-R-MPL,1442,6
CT27047-168-R-R-R-MPL,1443,6
CT27035-147-R-R-R-MPL,1444,7
CT27020-102-R-R-R-MPL,1445,6
ORYZICA 1,1446,6
CT26987-84-R-R-R-MPL,1447,7
CT27031-97-R-R-R-MPL,1448,7
CT26995-39-R-R-R-MPL,1449,6
CT27050-107-R-R-R-MPL,1450,3
CT27038-44-R-R-R-MPL,1451,5
CT27035-161-R-R-R-MPL,1452,5
CT27031-110-R-R-R-MPL,1453,6
CT27050-87-R-R-R-MPL,1454,6
CT27047-80-R-R-R-MPL,1455,6
CT26995-86-R-R-R-MPL,1456,6
CT26998-111-R-R-R-MPL,1457,6
CT27005-33-R-R-R-MPL,1458,7
CT26997-113-R-R-R-MPL,1459,6
CT27017-51-R-R-R-MPL,1460,5
CT26997-130-R-R-R-MPL,1461,5
CT27015-84-R-R-R-MPL,1462,7
FEDEARROZ 2000,1463,7
CT27047-53-R-R-R-MPL,1464,7
CT27050-47-R-R-R-MPL,1465,6
CT26998-38-R-R-R-MPL,1466,3
CT27038-128-R-R-R-MPL,1467,7
CT27047-152-R-R-R-MPL,1468,6
CT26987-146-R-R-R-MPL,1469,7
CT27020-67-R-R-R-MPL,1470,7
CT27047-150-R-R-R-MPL,1471,7
CT27035-100-R-R-R-MPL,1472,7
CT27047-121-R-R-R-MPL,1473,7
CT27035-157-R-R-R-MPL,1474,7
CT26987-63-R-R-R-MPL,1475,6
CT27016-98-R-R-R-MPL,1476,6
CT27047-58-R-R-R-MPL,1477,6
CT27050-125-R-R-R-MPL,1478,6
CT26998-86-R-R-R-MPL,1479,1
CT26995-58-R-R-R-MPL,1480,6
CT26998-53-R-R-R-MPL,1481,7
CT26989-54-R-R-R-MPL,1482,7
CT27009-84-R-R-R-MPL,1483,7
CT27050-63-R-R-R-MPL,1484,6
ORYZICA 1,1485,5
CT27048-59-R-R-R-MPL,1486,7
CT26997-45-R-R-R-MPL,1487,7
CT26987-180-R-R-R-MPL,1488,7
CT27017-80-R-R-R-MPL,1489,7
CT27015-95-R-R-R-MPL,1490,7
CT27050-109-R-R-R-MPL,1491,7
CT27015-53-R-R-R-MPL,1492,7
IRGA 5851-2-3-3-2-PL-1,1493,2
CT27038-42-R-R-R-MPL,1494,7
CT27016-86-R-R-R-MPL,1495,7
CT27047-52-R-R-R-MPL,1496,6
CT27031-47-R-R-R-MPL,1497,6
CT27050-122-R-R-R-MPL,1498,6
CT26991-54-R-R-R-MPL,1499,5
SLF-10-427,1500,7
CT27035-33-R-R-R-MPL,1501,7
CT27050-73-R-R-R-MPL,1502,5
CT27009-87-R-R-R-MPL,1503,6
CT27047-38-R-R-R-MPL,1504,7
CT26997-103-R-R-R-MPL,1505,6
CT27035-42-R-R-R-MPL,1506,6
CT27057-47-R-R-R-MPL,1507,6
CT27017-93-R-R-R-MPL,1508,4
CT26989-83-R-R-R-MPL,1509,2
CT27035-47-R-R-R-MPL,1510,6
FEDEARROZ 2000,1511,6
CT26995-121-R-R-R-MPL,1512,6
CT27047-65-R-R-R-MPL,1513,7
CT26987-35-R-R-R-MPL,1514,7
CT26995-91-R-R-R-MPL,1515,7
CT27009-45-R-R-R-MPL,1516,7
CT27015-65-R-R-R-MPL,1517,7
CT26989-52-R-R-R-MPL,1518,6
CT26997-39-R-R-R-MPL,1519,5
CT27017-79-R-R-R-MPL,1520,2
CT26989-107-R-R-R-MPL,1521,5
CT26998-41-R-R-R-MPL,1522,6
CT26989-67-R-R-R-MPL,1523,3
CT27035-114-R-R-R-MPL,1524,7
CT27009-65-R-R-R-MPL,1525,7
CT26987-143-R-R-R-MPL,1526,7
CT26991-69-R-R-R-MPL,1527,6
CT27047-138-R-R-R-MPL,1528,7
CT27020-55-R-R-R-MPL,1529,7
CT27057-62-R-R-R-MPL,1530,7
CT27017-77-R-R-R-MPL,1531,7
Olimar,1532,6
CT26989-80-R-R-R-MPL,1533,5
CT27038-166-R-R-R-MPL,1534,6
CT27031-67-R-R-R-MPL,1535,7
CT26991-51-R-R-R-MPL,1536,7
CT27035-99-R-R-R-MPL,1537,7
Olimar,1538,6
CT27047-39-R-R-R-MPL,1539,6
CT27031-114-R-R-R-MPL,1540,6
CT27016-50-R-R-R-MPL,1541,7
CT27050-94-R-R-R-MPL,1542,6
CT27009-77-R-R-R-MPL,1543,7
CT26995-107-R-R-R-MPL,1544,7
CT26991-38-R-R-R-MPL,1545,6
CT27015-83-R-R-R-MPL,1546,7
CT27038-115-R-R-R-MPL,1547,1
CT27035-109-R-R-R-MPL,1548,6
CT27048-73-R-R-R-MPL,1549,6
CT26998-85-R-R-R-MPL,1550,2
CT26997-44-R-R-R-MPL,1551,7
CT27031-42-R-R-R-MPL,1552,7
CT26991-48-R-R-R-MPL,1553,7
CT26997-43-R-R-R-MPL,1554,5
CT27035-57-R-R-R-MPL,1555,6
CT27015-66-R-R-R-MPL,1556,7
CT26989-94-R-R-R-MPL,1557,4
CT27050-96-R-R-R-MPL,1558,6
CT26989-95-R-R-R-MPL,1559,5
CT27016-58-R-R-R-MPL,1560,7
CT27031-35-R-R-R-MPL,1561,7
FEDEARROZ 2000,1562,7
CT27015-31-R-R-R-MPL,1563,7
CT27020-79-R-R-R-MPL,1564,7
CT27031-89-R-R-R-MPL,1565,7
CT27038-49-R-R-R-MPL,1566,7
CT27050-71-R-R-R-MPL,1567,7
CT27017-34-R-R-R-MPL,1568,3
CT27054-45-R-R-R-MPL,1569,6
CT26987-184-R-R-R-MPL,1570,6
CT27035-104-R-R-R-MPL,1571,7
CT27050-44-R-R-R-MPL,1572,7
CT26987-64-R-R-R-MPL,1573,7
CT27015-39-R-R-R-MPL,1574,7
CT26997-128-R-R-R-MPL,1575,3
ORYZICA 1,1576,5
CT27020-35-R-R-R-MPL,1577,7
CT26995-94-R-R-R-MPL,1578,6
CT26989-105-R-R-R-MPL,1579,5
CT27015-58-R-R-R-MPL,1580,6
CT27031-37-R-R-R-MPL,1581,6
CT26987-93-R-R-R-MPL,1582,6
CT26998-56-R-R-R-MPL,1583,6
CT27035-87-R-R-R-MPL,1584,6
CT27031-118-R-R-R-MPL,1585,7
CT27038-51-R-R-R-MPL,1586,7
CT26997-76-R-R-R-MPL,1587,6
CT27031-49-R-R-R-MPL,1588,6
CT27038-125-R-R-R-MPL,1589,5
CT27009-96-R-R-R-MPL,1590,7
CT27031-115-R-R-R-MPL,1591,7
CT27017-76-R-R-R-MPL,1592,6
CT27050-80-R-R-R-MPL,1593,4
H 54 (IRGA R14-26-3-2),1594,3
CT27015-125-R-R-R-MPL,1595,5
CT26995-45-R-R-R-MPL,1596,6
FEDEARROZ 2000,1597,6
CT27015-79-R-R-R-MPL,1598,6
CT27031-41-R-R-R-MPL,1599,6
CT27035-40-R-R-R-MPL,1600,6
CT27050-40-R-R-R-MPL,1601,6
CT27015-35-R-R-R-MPL,1602,6
CT26997-147-R-R-R-MPL,1603,6
CT27047-82-R-R-R-MPL,1604,7
CT27048-51-R-R-R-MPL,1605,6
CT26995-131-R-R-R-MPL,1606,6
CT27054-36-R-R-R-MPL,1607,5
CT27017-38-R-R-R-MPL,1608,7
CT27048-71-R-R-R-MPL,1609,6
CT27050-99-R-R-R-MPL,1610,6
CT26987-65-R-R-R-MPL,1611,7
CT27017-78-R-R-R-MPL,1612,5
CT27009-89-R-R-R-MPL,1613,5
CT27038-85-R-R-R-MPL,1614,6
CT27016-56-R-R-R-MPL,1615,6
CT26989-136-R-R-R-MPL,1616,6
CT26995-93-R-R-R-MPL,1617,6
CT26991-65-R-R-R-MPL,1618,5
CT27038-35-R-R-R-MPL,1619,5
CT26991-61-R-R-R-MPL,1620,5
ORYZICA 1,1621,5
CT26987-44-R-R-R-MPL,1622,6
CT26989-108-R-R-R-MPL,1623,3
CT27047-83-R-R-R-MPL,1624,6
CT27057-31-R-R-R-MPL,1625,5
CT27015-106-R-R-R-MPL,1626,6
CT27057-39-R-R-R-MPL,1627,6
CT26997-99-R-R-R-MPL,1628,6
CT27050-70-R-R-R-MPL,1629,5
CT27020-110-R-R-R-MPL,1630,1
CT26989-63-R-R-R-MPL,1631,6
CT26998-105-R-R-R-MPL,1632,6
CT27050-131-R-R-R-MPL,1633,4
CT27038-84-R-R-R-MPL,1634,2
CT27020-93-R-R-R-MPL,1635,6
CT27016-44-R-R-R-MPL,1636,7
CT27038-33-R-R-R-MPL,1637,5
CT27047-124-R-R-R-MPL,1638,7
CT26989-137-R-R-R-MPL,1639,6
CT27048-48-R-R-R-MPL,1640,6
CT26987-144-R-R-R-MPL,1641,6
Olimar,1642,6
CT27031-73-R-R-R-MPL,1643,6
CT27016-67-R-R-R-MPL,1644,7
CT27038-57-R-R-R-MPL,1645,2
CT26997-92-R-R-R-MPL,1646,4
CT26998-109-R-R-R-MPL,1647,5
CT27038-154-R-R-R-MPL,1648,2
CT27016-85-R-R-R-MPL,1649,6
CT26997-58-R-R-R-MPL,1650,6
CT26995-98-R-R-R-MPL,1651,6
ORYZICA 1,1652,5
CT26991-62-R-R-R-MPL,1653,6
CT27038-111-R-R-R-MPL,1654,6
CT26997-85-R-R-R-MPL,1655,7
CT26989-49-R-R-R-MPL,1656,6
CT27038-86-R-R-R-MPL,1657,1
CT26997-120-R-R-R-MPL,1658,6
CT27015-74-R-R-R-MPL,1659,7
CT27050-66-R-R-R-MPL,1660,3
